{"cameraMode":{"drawMode":0,"name":"Shaded","section":"Shading Mode"},"sceneLighting":false,"audioPlay":false,"sceneViewState":{"showFog":true,"showMaterialUpdate":false,"showSkybox":true,"showFlares":true,"showImageEffects":true,"showParticleSystems":true},"in2DMode":false,"pivot":{"x":3.6987457275390627,"y":-6.30677604675293,"z":2.1633434295654299},"rotation":{"x":-0.11941055953502655,"y":0.8771145343780518,"z":-0.28465282917022707,"w":-0.3679458200931549},"size":38.98023223876953,"orthographic":false}